{
	"metadata": {
		"version": 4,
		"type": "object",
		"generator": "ObjectExporter"
	},
	"object": {
		"type": "PerspectiveCamera",
		"fov": 50,
		"aspect": 1.5914684167350288,
		"near": 1,
		"far": 5000,
		"position": [-74.52826885486915,673.0551698542655,1069.0501884060664],
		"rotation": [-0.5618877390354722,-0.05892762966734579,-0.037061351139664855]
	}
}